faces/Togni/oldtr1111.jpg;0
faces/Togni/train21002.jpg;0
faces/Togni/train9000.jpg;0
faces/Togni/train27000.jpg;0
faces/Togni/train2003.jpg;0
faces/Togni/train1200.jpg;0
faces/Togni/train1001.jpg;0
faces/Togni/train1302.jpg;0
faces/Togni/train1402.jpg;0
faces/Togni/oldtr4004.jpg;0
faces/Togni/oldtr1313.jpg;0
faces/Togni/train3000.jpg;0
faces/Togni/train23001.jpg;0
faces/Togni/oldtr5005.jpg;0
faces/Togni/train21502.jpg;0
faces/Togni/train6001.jpg;0
faces/Togni/train1502.jpg;0
faces/Togni/oldtr0000.jpg;0
faces/Togni/train29001.jpg;0
faces/Togni/oldtr1010.jpg;0
faces/Togni/train0001.jpg;0
faces/Togni/train7003.jpg;0
faces/Togni/oldtr7007.jpg;0
faces/Togni/oldtr9009.jpg;0
faces/Togni/oldtr6006.jpg;0
faces/Togni/oldtr3003.jpg;0
faces/Togni/train28000.jpg;0
faces/Togni/oldtr2002.jpg;0
faces/Togni/oldtr1001.jpg;0
faces/Togni/train4000.jpg;0
faces/Togni/oldtr1212.jpg;0
faces/Togni/train8001.jpg;0
faces/Togni/train24000.jpg;0
faces/Togni/oldtr8008.jpg;0
faces/Gronchi/oldtr1111.jpg;1
faces/Gronchi/train0002.jpg;1
faces/Gronchi/train29000.jpg;1
faces/Gronchi/train1203.jpg;1
faces/Gronchi/train1001.jpg;1
faces/Gronchi/train21707.jpg;1
faces/Gronchi/train20001.jpg;1
faces/Gronchi/oldtr4004.jpg;1
faces/Gronchi/train5000.jpg;1
faces/Gronchi/oldtr5005.jpg;1
faces/Gronchi/train1102.jpg;1
faces/Gronchi/train3001.jpg;1
faces/Gronchi/oldtr0000.jpg;1
faces/Gronchi/train26000.jpg;1
faces/Gronchi/oldtr1010.jpg;1
faces/Gronchi/train4002.jpg;1
faces/Gronchi/oldtr7007.jpg;1
faces/Gronchi/oldtr9009.jpg;1
faces/Gronchi/oldtr6006.jpg;1
faces/Gronchi/oldtr3003.jpg;1
faces/Gronchi/train21600.jpg;1
faces/Gronchi/train6002.jpg;1
faces/Gronchi/oldtr2002.jpg;1
faces/Gronchi/train1507.jpg;1
faces/Gronchi/oldtr1001.jpg;1
faces/Gronchi/train7005.jpg;1
faces/Gronchi/train1802.jpg;1
faces/Gronchi/train21101.jpg;1
faces/Gronchi/train9001.jpg;1
faces/Gronchi/oldtr1212.jpg;1
faces/Gronchi/train8001.jpg;1
faces/Gronchi/oldtr8008.jpg;1
faces/Pella/train6003.jpg;2
faces/Pella/train1200.jpg;2
faces/Pella/train1101.jpg;2
faces/Pella/train21202.jpg;2
faces/Pella/train1402.jpg;2
faces/Pella/train1501.jpg;2
faces/Pella/train20000.jpg;2
faces/Pella/train1301.jpg;2
faces/Pella/train21100.jpg;2
faces/Pella/train3000.jpg;2
faces/Pella/train1600.jpg;2
faces/Pella/train2002.jpg;2
faces/Pella/train5003.jpg;2
faces/Pella/train23000.jpg;2
faces/Pella/train1701.jpg;2
faces/Pella/train0000.jpg;2
faces/Pella/train8002.jpg;2
faces/Pella/train4000.jpg;2
faces/Pella/train24000.jpg;2
faces/Adenauer/train2202.jpg;3
faces/Adenauer/train1602.jpg;3
faces/Adenauer/train1206.jpg;3
faces/Adenauer/train1904.jpg;3
faces/Adenauer/train21302.jpg;3
faces/Adenauer/train1302.jpg;3
faces/Adenauer/train1004.jpg;3
faces/Adenauer/train2402.jpg;3
faces/Adenauer/train3000.jpg;3
faces/Adenauer/train1106.jpg;3
faces/Adenauer/train2001.jpg;3
faces/Adenauer/train1010.jpg;3
faces/Adenauer/train7000.jpg;3
faces/Adenauer/train2302.jpg;3
faces/Adenauer/train1400.jpg;3
faces/Adenauer/train29001.jpg;3
faces/Adenauer/train1801.jpg;3
faces/Adenauer/train0000.jpg;3
faces/Adenauer/train2102.jpg;3
faces/Adenauer/train2010.jpg;3
faces/Adenauer/train4000.jpg;3
faces/Adenauer/train9001.jpg;3
faces/Adenauer/train22001.jpg;3
faces/Adenauer/train6000.jpg;3
faces/Taviani/oldtr1111.jpg;4
faces/Taviani/oldtr4004.jpg;4
faces/Taviani/oldtr5005.jpg;4
faces/Taviani/oldtr0000.jpg;4
faces/Taviani/oldtr1010.jpg;4
faces/Taviani/oldtr7007.jpg;4
faces/Taviani/oldtr9009.jpg;4
faces/Taviani/oldtr6006.jpg;4
faces/Taviani/oldtr3003.jpg;4
faces/Taviani/oldtr2002.jpg;4
faces/Taviani/oldtr1001.jpg;4
faces/Taviani/oldtr8008.jpg;4
faces/Mangano/oldtr1111.jpg;5
faces/Mangano/oldtr1616.jpg;5
faces/Mangano/oldtr3131.jpg;5
faces/Mangano/oldtr4242.jpg;5
faces/Mangano/oldtr2525.jpg;5
faces/Mangano/oldtr1919.jpg;5
faces/Mangano/oldtr1515.jpg;5
faces/Mangano/oldtr2222.jpg;5
faces/Mangano/oldtr1717.jpg;5
faces/Mangano/oldtr2626.jpg;5
faces/Mangano/oldtr3535.jpg;5
faces/Mangano/oldtr4004.jpg;5
faces/Mangano/oldtr1313.jpg;5
faces/Mangano/oldtr3636.jpg;5
faces/Mangano/oldtr2020.jpg;5
faces/Mangano/oldtr5005.jpg;5
faces/Mangano/oldtr2727.jpg;5
faces/Mangano/oldtr0000.jpg;5
faces/Mangano/oldtr1414.jpg;5
faces/Mangano/oldtr3333.jpg;5
faces/Mangano/oldtr1818.jpg;5
faces/Mangano/oldtr2121.jpg;5
faces/Mangano/oldtr4343.jpg;5
faces/Mangano/oldtr1010.jpg;5
faces/Mangano/oldtr3737.jpg;5
faces/Mangano/oldtr3838.jpg;5
faces/Mangano/oldtr7007.jpg;5
faces/Mangano/oldtr4141.jpg;5
faces/Mangano/oldtr3030.jpg;5
faces/Mangano/oldtr2424.jpg;5
faces/Mangano/oldtr9009.jpg;5
faces/Mangano/oldtr6006.jpg;5
faces/Mangano/oldtr3003.jpg;5
faces/Mangano/oldtr3434.jpg;5
faces/Mangano/oldtr3232.jpg;5
faces/Mangano/oldtr2002.jpg;5
faces/Mangano/oldtr3939.jpg;5
faces/Mangano/oldtr4040.jpg;5
faces/Mangano/oldtr1001.jpg;5
faces/Mangano/oldtr2929.jpg;5
faces/Mangano/oldtr1212.jpg;5
faces/Mangano/oldtr2828.jpg;5
faces/Mangano/oldtr8008.jpg;5
faces/Mangano/oldtr2323.jpg;5
faces/Rascel/oldtr1111.jpg;6
faces/Rascel/oldtr1616.jpg;6
faces/Rascel/oldtr1919.jpg;6
faces/Rascel/oldtr1515.jpg;6
faces/Rascel/oldtr1717.jpg;6
faces/Rascel/oldtr4004.jpg;6
faces/Rascel/oldtr1313.jpg;6
faces/Rascel/oldtr2020.jpg;6
faces/Rascel/oldtr5005.jpg;6
faces/Rascel/oldtr0000.jpg;6
faces/Rascel/oldtr1414.jpg;6
faces/Rascel/oldtr1818.jpg;6
faces/Rascel/oldtr2121.jpg;6
faces/Rascel/oldtr1010.jpg;6
faces/Rascel/oldtr7007.jpg;6
faces/Rascel/oldtr9009.jpg;6
faces/Rascel/oldtr6006.jpg;6
faces/Rascel/oldtr3003.jpg;6
faces/Rascel/oldtr2002.jpg;6
faces/Rascel/oldtr1001.jpg;6
faces/Rascel/oldtr1212.jpg;6
faces/Rascel/oldtr8008.jpg;6
faces/Andreotti/train0002.jpg;7
faces/Andreotti/train9000.jpg;7
faces/Andreotti/train27000.jpg;7
faces/Andreotti/train1200.jpg;7
faces/Andreotti/train1402.jpg;7
faces/Andreotti/train3000.jpg;7
faces/Andreotti/train5000.jpg;7
faces/Andreotti/train21001.jpg;7
faces/Andreotti/train8000.jpg;7
faces/Andreotti/train1303.jpg;7
faces/Andreotti/train7000.jpg;7
faces/Andreotti/train21400.jpg;7
faces/Andreotti/train1102.jpg;7
faces/Andreotti/train1502.jpg;7
faces/Andreotti/train1000.jpg;7
faces/Andreotti/train2000.jpg;7
faces/Andreotti/train22000.jpg;7
faces/Andreotti/train4000.jpg;7
faces/Andreotti/train21500.jpg;7
faces/Andreotti/train6000.jpg;7
faces/Leone/train0002.jpg;8
faces/Leone/train2202.jpg;8
faces/Leone/train7001.jpg;8
faces/Leone/train2101.jpg;8
faces/Leone/train21302.jpg;8
faces/Leone/train1101.jpg;8
faces/Leone/train22101.jpg;8
faces/Leone/train1604.jpg;8
faces/Leone/train3000.jpg;8
faces/Leone/train5000.jpg;8
faces/Leone/train21900.jpg;8
faces/Leone/train1902.jpg;8
faces/Leone/train21200.jpg;8
faces/Leone/train21400.jpg;8
faces/Leone/train22200.jpg;8
faces/Leone/train21502.jpg;8
faces/Leone/train1502.jpg;8
faces/Leone/train21800.jpg;8
faces/Leone/train1000.jpg;8
faces/Leone/train2004.jpg;8
faces/Leone/train26000.jpg;8
faces/Leone/train25000.jpg;8
faces/Leone/train1401.jpg;8
faces/Leone/train1304.jpg;8
faces/Leone/train1201.jpg;8
faces/Leone/train1002.jpg;8
faces/Leone/train4000.jpg;8
faces/Leone/train8001.jpg;8
faces/Leone/train6000.jpg;8
faces/Leone/train1704.jpg;8
faces/Eisenhower/train26001.jpg;9
faces/Eisenhower/train9000.jpg;9
faces/Eisenhower/train1001.jpg;9
faces/Eisenhower/train5005.jpg;9
faces/Eisenhower/train6001.jpg;9
faces/Eisenhower/train7005.jpg;9
faces/Eisenhower/train8001.jpg;9
faces/Colombo/oldtr1111.jpg;10
faces/Colombo/train29000.jpg;10
faces/Colombo/oldtr1616.jpg;10
faces/Colombo/train24001.jpg;10
faces/Colombo/train9000.jpg;10
faces/Colombo/train7001.jpg;10
faces/Colombo/oldtr1515.jpg;10
faces/Colombo/train27000.jpg;10
faces/Colombo/train1200.jpg;10
faces/Colombo/train1001.jpg;10
faces/Colombo/train1402.jpg;10
faces/Colombo/train20001.jpg;10
faces/Colombo/oldtr4004.jpg;10
faces/Colombo/oldtr1313.jpg;10
faces/Colombo/train1301.jpg;10
faces/Colombo/train21100.jpg;10
faces/Colombo/train5000.jpg;10
faces/Colombo/train21402.jpg;10
faces/Colombo/oldtr5005.jpg;10
faces/Colombo/train2001.jpg;10
faces/Colombo/train28001.jpg;10
faces/Colombo/train4003.jpg;10
faces/Colombo/train21200.jpg;10
faces/Colombo/train21300.jpg;10
faces/Colombo/train1502.jpg;10
faces/Colombo/oldtr0000.jpg;10
faces/Colombo/train1100.jpg;10
faces/Colombo/train26000.jpg;10
faces/Colombo/oldtr1414.jpg;10
faces/Colombo/train0000.jpg;10
faces/Colombo/oldtr1010.jpg;10
faces/Colombo/train3002.jpg;10
faces/Colombo/train25000.jpg;10
faces/Colombo/oldtr7007.jpg;10
faces/Colombo/oldtr9009.jpg;10
faces/Colombo/oldtr6006.jpg;10
faces/Colombo/oldtr3003.jpg;10
faces/Colombo/train21000.jpg;10
faces/Colombo/train22000.jpg;10
faces/Colombo/oldtr2002.jpg;10
faces/Colombo/oldtr1001.jpg;10
faces/Colombo/oldtr1212.jpg;10
faces/Colombo/train8001.jpg;10
faces/Colombo/train23002.jpg;10
faces/Colombo/train6000.jpg;10
faces/Colombo/oldtr8008.jpg;10
faces/ElisabettaII/train0002.jpg;11
faces/ElisabettaII/train29000.jpg;11
faces/ElisabettaII/train2003.jpg;11
faces/ElisabettaII/train7006.jpg;11
faces/ElisabettaII/train3000.jpg;11
faces/ElisabettaII/train5000.jpg;11
faces/ElisabettaII/train8000.jpg;11
faces/ElisabettaII/train4003.jpg;11
faces/ElisabettaII/train1104.jpg;11
faces/ElisabettaII/train1000.jpg;11
faces/ElisabettaII/train23000.jpg;11
faces/ElisabettaII/train21000.jpg;11
faces/ElisabettaII/train9001.jpg;11
faces/ElisabettaII/train6006.jpg;11
faces/Zoli/train29000.jpg;12
faces/Zoli/train21900 - Copy.jpg;12
faces/Zoli/train1900 - Copy.jpg;12
faces/Zoli/train8002 - Copy.jpg;12
faces/Zoli/train27000.jpg;12
faces/Zoli/train1500 - Copy.jpg;12
faces/Zoli/train22905 - Copy.jpg;12
faces/Zoli/train1702 - Copy.jpg;12
faces/Zoli/train2701 - Copy.jpg;12
faces/Zoli/train22000 - Copy.jpg;12
faces/Zoli/train21100 - Copy.jpg;12
faces/Zoli/train2910 - Copy.jpg;12
faces/Zoli/train25001.jpg;12
faces/Zoli/train2301 - Copy.jpg;12
faces/Zoli/train1007 - Copy.jpg;12
faces/Zoli/train1100 - Copy.jpg;12
faces/Zoli/train3005 - Copy.jpg;12
faces/Zoli/train21801 - Copy.jpg;12
faces/Zoli/train5000 - Copy.jpg;12
faces/Zoli/train22100 - Copy.jpg;12
faces/Zoli/train2202 - Copy.jpg;12
faces/Zoli/train1301 - Copy.jpg;12
faces/Zoli/train1804 - Copy.jpg;12
faces/Zoli/train0005 - Copy.jpg;12
faces/Zoli/train2800 - Copy.jpg;12
faces/Zoli/train22500 - Copy.jpg;12
faces/Zoli/train22400 - Copy.jpg;12
faces/Zoli/train4001 - Copy.jpg;12
faces/Zoli/train1001 - Copy.jpg;12
faces/Zoli/train2000 - Copy.jpg;12
faces/Zoli/train9001 - Copy.jpg;12
faces/Zoli/train2601 - Copy.jpg;12
faces/Zoli/train22700 - Copy.jpg;12
faces/Zoli/train21500 - Copy.jpg;12
faces/Zoli/train28000.jpg;12
faces/Zoli/train2101 - Copy.jpg;12
faces/Zoli/train6002 - Copy.jpg;12
faces/Zoli/train1602 - Copy.jpg;12
faces/Zoli/train1902 - Copy.jpg;12
faces/Zoli/train2501 - Copy.jpg;12
faces/Zoli/train23002.jpg;12
faces/Zoli/train20004 - Copy.jpg;12
faces/Zoli/train22301 - Copy.jpg;12
faces/Zoli/train2401 - Copy.jpg;12
faces/Zoli/train22800 - Copy.jpg;12
faces/Zoli/train22600 - Copy.jpg;12
faces/PopePio/oldtr4004.jpg;13
faces/PopePio/oldtr5005.jpg;13
faces/PopePio/oldtr0000.jpg;13
faces/PopePio/oldtr1010.jpg;13
faces/PopePio/oldtr7007.jpg;13
faces/PopePio/oldtr9009.jpg;13
faces/PopePio/oldtr6006.jpg;13
faces/PopePio/oldtr3003.jpg;13
faces/PopePio/oldtr2002.jpg;13
faces/PopePio/oldtr1001.jpg;13
faces/PopePio/oldtr8008.jpg;13
